N,NNF nodes,POG nodes,Just clauses,Tot clauses,D4 secs,Gen secs,Check secs
3,35,15,12,106,6.4e-05,0.0,0.0
4,112,51,47,411,0.000361,0.01,0.0
5,316,192,346,2097,0.000943,0.06,0.03
6,717,528,1010,5973,0.002838,0.25,0.09
7,2426,1818,4629,25570,0.013171,2.69,0.55
8,11038,8445,33234,153056,0.096025,194.1,5.65
9,19768,15837,44458,246842,0.124474,210.26,12.31
10,41078,30642,84044,500524,0.260134,734.93,33.14
11,158385,119514,449341,2288588,4.42903,41441.38,410.49
