N,NNF nodes,POG nodes,Unhinted Asserts,Just clauses,Tot clauses,D4 secs,Gen secs,Hint secs,Check secs
5,359,270,8,51,2279,0.000835,0.05,0.1,0.03
6,1715,1281,55,221,12149,0.004469,0.38,0.17,0.21
7,8431,6114,748,2411,65186,0.026251,3.22,0.75,2.02
8,40332,29412,9400,25709,353372,0.182135,33.24,8.19,43.24
9,210857,144111,64804,174297,1835522,1.192381,405.97,203.61,1056.11
10,532732,356505,377058,1514909,5626003,5.164535,2158.29,23110.21,12402.55
