N,NNF nodes,POG nodes,Assertions,Just clauses,STot clauses,D4 secs,Gen secs,Hint secs,Check secs
5,316,192,333,21,2084,0.000937,0.06,0.11,0.03
6,717,528,958,124,5921,0.002843,0.19,0.17,0.11
7,2426,1818,4370,646,25311,0.013212,1.41,0.67,0.67
8,11038,8445,28807,7898,148629,0.094203,14.45,2.5,6.41
9,19768,15837,41981,5759,244365,0.1253,39.68,18.65,14.22
10,41078,30642,78327,11360,494807,0.261297,124.62,55.89,37.03
11,158385,119514,399569,108730,2238816,4.406548,2186.81,1018.51,424.06
12,258274,176049,542918,237631,3339120,2.431872,3827.63,1838.91,879.74
