N,NNF nodes,POG nodes,Unhinted Asserts,Just clauses,Tot clauses,D4 secs,Gen secs,Hint secs,(Cadical),(Drat-Trim),Check secs
3,35,33,32,17,111,6.1e-05,0.0,0.04,0.0,0.03,0.0
4,95,89,140,77,475,0.000366,0.01,0.04,0.0,0.03,0.01
5,359,320,854,446,2402,0.00095,0.05,0.07,0.01,0.04,0.03
6,1715,1353,4852,2922,13169,0.004599,0.31,0.3,0.04,0.06,0.24
7,8431,6212,25247,19337,73141,0.026162,2.21,2.27,0.45,0.56,2.27
8,40332,29540,157820,97916,378022,0.181692,15.35,20.2,4.95,7.45,44.4
9,210857,144273,965258,544835,1999247,1.20447,108.47,355.78,88.46,216.24,1062.78
10,532732,356705,3344844,2304919,6070900,5.23101,389.63,3370.46,523.17,2658.42,12246.25
