N,NNF nodes,POG nodes,Unhinted Asserts,Just clauses,Tot clauses,D4 secs,Gen secs,(Cadical),(Drat-Trim),Hint secs,Check secs
3,35,32,17,111,6.1e-05,0.0,0.0,0.03,0.04,0.0
4,95,140,77,475,0.000366,0.01,0.0,0.03,0.04,0.01
5,359,854,446,2402,0.00095,0.05,0.01,0.04,0.07,0.03
6,1715,4852,2922,13169,0.004599,0.31,0.04,0.06,0.3,0.24
7,8431,25247,19337,73141,0.026162,2.17,0.45,0.56,2.27,2.27
8,40332,157820,97916,378022,0.181692,15.35,4.95,7.45,20.2,44.4
9,210857,965258,544835,1999247,1.20447,109.77,88.46,216.24,355.78,1062.78
10,532732,3344844,2304919,6070900,5.23101,395.52,523.17,2658.42,3370.46,12246.25
